0,0,0,0,0,0,0,0,0,0,0,0,0,0,0,0,0,0,0,0,0,0,0,0,0,0,0,0,0,0,0,0,0,0,0,0,0,0,0,0,0,0,0,0,0,0,0,0,0,0,0,0,0,0,0,0,0,0,0,0,0,0,0,0,0,0,0,0,0,0,0,0,0,0,0,0,0,0,0,0,0,0,0,0,0,0,0,0,4,0,0,0,0,0,62,61,21,29,23,51,136,61,0,0,0,0,0,0,0,0,0,0,0,0,0,0,0,0,0,88,201,228,225,255,115,62,137,255,235,222,255,135,0,0,0,0,0,0,0,0,0,0,0,0,0,47,252,234,238,224,215,215,229,108,180,207,214,224,231,249,254,45,0,0,0,0,0,0,0,0,1,0,0,214,222,210,213,224,225,217,220,254,233,219,221,217,223,221,240,254,0,0,1,0,0,0,1,0,0,0,128,237,207,224,224,207,216,214,210,208,211,221,208,219,213,226,211,237,150,0,0,0,0,0,0,2,0,0,237,222,215,207,210,212,213,206,214,213,214,213,210,215,214,206,199,218,255,13,0,2,0,0,0,4,0,85,228,210,218,200,211,208,203,215,210,209,209,210,213,211,210,217,206,213,231,175,0,0,0,0,0,0,0,217,224,215,206,205,204,217,230,222,215,224,233,228,232,228,224,207,212,215,213,229,31,0,4,0,1,0,21,225,212,212,203,211,225,193,139,136,195,147,156,139,128,162,197,223,207,220,213,232,177,0,0,0,0,0,123,226,207,211,209,205,228,158,90,103,186,138,100,121,147,158,183,226,208,214,209,216,255,13,0,1,0,0,226,219,202,208,206,205,216,184,156,150,193,170,164,168,188,186,200,219,216,213,213,211,233,148,0,0,0,45,227,204,214,211,218,222,221,230,229,221,213,224,233,226,220,219,221,224,223,217,210,218,213,254,0,0,0,157,226,203,207,211,209,215,205,198,207,208,201,201,197,203,205,210,207,213,214,214,214,213,208,234,107,0,0,235,213,204,211,210,209,213,202,197,204,215,217,213,212,210,206,212,203,211,218,215,214,208,209,222,230,0,52,255,207,200,208,213,210,210,208,207,202,201,209,216,216,216,216,214,212,205,215,201,228,208,214,212,218,25,118,217,201,206,208,213,208,205,206,210,211,202,199,207,208,209,210,207,210,210,245,139,119,255,202,203,236,114,171,238,212,203,220,216,217,209,207,205,210,211,206,204,206,209,211,215,210,206,221,242,0,224,234,230,181,26,39,145,201,255,157,115,250,200,207,206,207,213,216,206,205,206,207,206,215,207,221,238,0,0,188,85,0,0,0,0,0,31,0,129,253,190,207,208,208,208,209,211,211,209,209,209,212,201,226,165,0,0,0,0,0,0,2,0,0,0,0,89,254,199,199,192,196,198,199,201,202,203,204,203,203,200,222,155,0,3,3,3,2,0,0,0,1,5,0,0,255,218,226,232,228,224,222,220,219,219,217,221,220,212,236,95,0,2,0,0,0,0,0,0,0,0,0,0,155,194,168,170,171,173,173,179,177,175,172,171,167,161,180,0,0,1,0,1,0,0,0,0,0,0,0,0,0,0,0,0,0,0,0,0,0,0,0,0,0,0,0,0,0,0,0,0,0,0,0,0,0,0,0,0,0,0,0,0,0,0,0,0,0,0,0,0,0,0,0,0,0,0,0,0,0,0,0,0,0,0,0,0,0,0,0,0,0,0,0,0,0,0,0,0,0,0,0,0,0,0,0,0,0,0
0,0,0,0,0,0,0,0,0,0,0,0,0,0,0,0,0,0,0,0,0,0,0,0,0,0,0,0,0,0,0,0,0,0,0,0,0,0,0,0,0,0,0,0,0,0,0,0,0,0,0,0,0,0,0,0,0,0,0,0,0,0,0,0,0,0,0,0,0,0,0,0,0,0,0,0,0,0,0,0,0,0,0,0,0,0,0,0,0,0,0,0,0,0,0,0,0,0,0,0,0,0,0,0,0,0,0,0,0,0,0,0,0,0,0,0,0,0,0,0,0,0,0,0,0,0,0,0,0,0,0,0,0,0,0,0,0,0,0,0,0,0,0,0,0,0,0,0,0,0,0,0,1,1,0,0,0,0,81,21,0,1,0,1,0,0,0,0,0,0,0,0,0,0,0,0,0,0,0,1,0,0,0,0,0,14,200,49,0,0,0,0,0,0,0,0,0,0,0,0,0,0,0,0,2,1,1,1,0,1,0,0,0,162,184,165,20,0,1,1,3,4,1,0,0,0,0,0,0,0,0,0,0,0,0,1,2,0,2,0,120,183,154,206,32,0,5,5,0,0,0,0,0,0,0,0,0,0,0,0,0,0,0,2,0,3,0,76,227,151,139,158,0,0,0,0,0,66,23,0,0,0,0,0,0,0,0,0,1,0,1,0,0,0,55,224,162,143,121,204,236,144,21,74,90,190,8,0,0,0,0,0,0,0,0,0,0,1,0,0,0,42,228,160,148,125,165,223,208,221,246,211,174,151,0,0,0,0,0,1,3,0,1,0,3,0,9,0,23,230,168,147,119,163,227,206,200,190,206,186,139,171,41,0,0,0,0,0,0,0,0,0,3,4,0,16,209,185,139,118,181,227,209,204,210,199,225,157,127,190,111,0,1,3,2,1,3,2,3,0,0,0,67,214,187,139,111,191,229,203,208,208,196,223,188,100,128,155,112,0,0,0,0,0,0,0,0,0,48,161,218,171,147,116,185,235,201,209,203,204,220,208,126,133,162,164,187,0,0,12,16,9,4,19,73,170,211,188,145,149,148,136,222,218,207,208,215,224,193,140,146,162,156,118,203,37,47,255,188,187,182,203,206,182,147,140,148,148,148,134,180,218,221,225,204,156,134,139,144,140,123,97,206,30,88,203,164,167,170,161,147,147,156,159,153,152,155,150,134,136,153,145,136,151,164,168,170,166,153,130,200,10,131,195,150,133,132,142,160,166,162,153,152,153,151,154,163,147,152,163,205,208,174,175,178,181,168,150,196,1,155,228,197,172,138,123,121,122,126,129,135,139,144,158,177,192,239,244,178,176,183,179,185,177,147,148,192,0,0,80,196,199,212,209,190,176,170,178,183,192,204,204,202,144,59,3,0,67,217,184,188,178,166,160,188,13,0,0,0,3,51,105,179,217,235,227,208,201,133,58,0,0,0,0,0,16,187,194,184,185,175,181,131,0,0,3,0,0,0,0,0,0,0,0,0,0,0,0,0,5,5,5,0,0,0,0,0,0,0,0,0,0,0,0,0,0,0,0,0,0,0,0,0,0,0,0,0,0,0,0,0,0,0,0,0,0,0,0,0,0,0,0,0,0,0,0,0,0,0,0,0,0,0,0,0,0,0,0,0,0,0,0,0,0,0,0,0,0,0,0,0,0,0,0,0,0,0,0,0,0,0,0,0,0,0,0,0,0,0,0,0,0,0,0,0,0,0,0,0,0,0,0,0,0,0,0,0,0,0,0,0,0,0,0,0,0,0,0,0,0,0,0,0,0
0,0,0,0,0,0,0,5,0,0,0,105,92,101,107,100,132,0,0,2,4,0,1,0,0,0,0,0,0,0,0,0,0,0,0,0,0,0,150,227,211,171,191,236,228,172,0,0,0,0,1,0,0,0,0,0,0,0,0,0,0,0,0,48,153,209,210,187,199,142,157,209,179,199,233,138,44,0,0,0,0,0,0,0,0,0,0,0,0,0,120,218,215,207,198,198,223,219,214,225,190,177,195,209,204,139,0,1,0,0,0,0,0,0,0,0,0,0,208,200,197,202,193,203,207,228,245,196,197,202,193,190,167,203,27,0,0,0,0,0,0,0,0,0,0,89,217,200,211,175,189,205,199,218,216,181,179,185,192,198,184,198,121,0,0,0,0,0,0,0,0,0,0,140,220,204,223,187,182,200,207,217,213,210,207,180,161,192,184,199,162,0,0,0,0,0,0,0,0,0,0,166,218,203,195,185,196,189,167,181,206,177,176,181,165,187,179,189,183,0,0,0,0,0,0,0,0,0,0,196,215,211,206,201,196,180,188,210,206,190,173,180,187,192,184,192,199,0,0,0,0,0,0,0,0,0,0,212,217,224,211,216,201,189,184,202,210,194,182,173,173,176,192,195,208,0,0,0,0,0,0,0,0,0,0,222,215,228,203,212,199,198,191,186,228,195,191,161,178,177,198,194,210,29,0,0,0,0,0,0,0,0,0,244,215,235,206,214,202,171,201,178,203,190,180,187,196,183,206,195,206,44,0,0,0,0,0,0,0,0,0,233,221,237,182,206,207,195,200,192,224,191,182,177,180,186,178,196,207,60,0,0,0,0,0,0,0,0,16,249,224,229,192,215,207,198,198,192,226,193,192,180,176,185,196,200,217,87,0,0,0,0,0,0,0,0,53,222,223,235,205,220,200,151,206,198,214,199,171,161,197,186,218,198,216,88,0,0,0,0,0,0,0,0,75,223,223,237,199,219,203,193,204,201,220,201,193,176,189,167,218,202,198,109,0,0,0,0,0,0,0,0,79,250,226,243,196,222,201,206,205,207,222,185,194,186,187,144,207,208,226,111,0,0,0,0,0,0,0,0,87,249,222,240,226,193,187,205,206,198,212,190,189,185,185,191,211,212,210,113,0,0,0,0,0,0,0,0,95,249,227,236,219,213,186,203,219,198,206,218,194,177,181,195,148,229,206,122,0,0,0,0,0,0,0,0,106,248,228,224,206,202,200,206,191,190,194,203,196,180,180,185,148,228,214,117,0,0,0,0,0,0,0,0,110,242,225,239,218,204,201,202,211,193,197,217,203,183,184,175,212,219,206,122,0,0,0,0,0,0,0,0,122,249,234,241,216,215,196,200,222,208,195,225,212,181,186,183,227,214,211,121,0,0,0,0,0,0,0,0,148,230,237,228,214,213,201,207,214,201,204,235,191,161,185,180,216,201,212,119,0,0,0,0,0,0,0,0,151,230,235,229,218,209,198,193,226,182,189,240,200,186,188,188,218,216,209,110,0,0,0,0,0,0,0,0,96,237,233,237,207,200,203,191,213,170,186,239,209,186,173,186,156,199,217,84,0,0,0,0,0,0,0,0,89,237,207,121,255,193,183,193,209,224,208,224,203,160,184,223,0,186,216,102,0,0,0,0,0,0,0,0,108,242,253,0,112,255,217,211,227,245,195,194,211,220,214,74,0,255,222,128,0,0,0,0,0,0,0,0,0,44,12,0,0,40,134,162,191,214,163,146,165,79,0,0,0,30,43,0,0,0,0,0
0,0,0,1,2,0,0,0,0,0,114,183,112,55,23,72,102,165,160,28,0,0,0,1,0,0,0,0,0,0,0,0,1,0,0,24,188,163,93,136,153,168,252,174,136,166,130,123,131,66,0,0,1,0,0,0,0,0,0,2,0,10,157,216,226,208,142,66,115,149,230,190,196,198,172,222,107,165,211,0,0,0,0,0,0,0,0,0,0,118,214,174,168,109,200,124,150,143,58,63,89,137,97,168,138,142,195,156,0,0,0,0,0,0,0,0,25,140,70,80,43,71,96,93,151,121,197,143,107,82,101,111,80,137,193,208,6,0,0,0,0,0,0,0,74,194,107,146,178,185,182,77,185,218,210,175,174,235,217,217,129,180,210,208,89,0,0,0,0,0,0,0,179,213,203,177,228,192,193,162,143,172,196,205,181,180,140,134,176,194,171,170,65,0,0,0,0,0,0,0,184,194,229,209,176,198,129,227,225,140,196,130,179,145,109,79,182,223,164,195,233,0,0,0,0,0,0,38,180,177,213,202,159,129,98,179,149,90,187,211,61,134,91,57,118,212,220,218,207,0,0,0,0,0,0,114,154,142,182,219,130,88,81,52,54,106,93,110,159,222,227,83,117,253,218,210,206,48,0,0,0,0,0,18,127,208,228,185,172,240,91,126,208,165,154,213,214,229,215,175,222,204,153,130,125,39,0,0,0,0,0,0,0,0,28,0,212,228,170,221,205,225,228,210,178,214,89,117,213,0,0,0,0,0,0,0,0,0,0,0,0,0,0,0,196,141,56,176,210,164,162,91,135,196,158,69,181,0,0,3,2,3,0,0,0,0,0,0,0,1,0,0,150,190,88,50,145,194,159,120,136,207,230,144,171,4,0,1,0,0,0,0,0,0,0,0,0,0,0,0,187,220,182,72,139,199,192,232,255,244,198,170,189,2,0,3,0,0,0,0,0,0,0,0,0,0,0,0,186,175,181,93,164,230,134,153,142,137,79,143,183,0,0,2,0,0,0,0,0,0,0,0,0,0,0,0,93,72,144,138,164,113,124,98,80,57,97,138,124,4,0,3,0,0,0,0,0,0,0,0,0,0,0,0,149,171,98,70,180,152,227,173,143,180,183,127,206,38,0,5,0,0,0,0,0,0,0,0,1,0,0,0,195,210,226,113,187,224,210,191,181,224,212,198,172,36,0,6,0,0,0,0,0,0,0,0,1,0,0,0,153,197,171,175,161,171,199,224,187,206,192,176,179,48,0,6,1,0,0,0,0,0,0,0,0,0,0,0,180,195,136,230,240,148,204,140,173,199,193,156,213,37,0,5,0,0,0,0,0,0,0,0,0,1,0,0,150,101,72,167,158,95,177,234,113,142,112,59,152,22,0,3,0,0,0,0,0,0,0,0,0,0,0,0,197,178,82,47,64,106,112,121,110,189,225,121,98,58,0,4,0,0,0,0,0,0,0,0,0,2,0,0,202,219,161,135,205,200,156,195,231,234,218,182,223,99,0,6,0,0,0,0,0,0,0,0,0,4,0,0,188,152,118,222,214,203,233,226,193,200,173,53,166,97,0,6,0,0,0,0,0,0,0,0,0,3,0,2,182,152,51,89,174,183,168,112,109,181,170,136,108,60,0,4,0,0,0,0,0,0,0,0,0,2,0,5,194,193,204,104,116,241,217,196,171,249,207,197,202,45,0,3,0,0,0,0,0,0,0,0,0,0,1,0,0,0,22,21,25,69,52,45,74,39,3,0,0,0,0,1,0,0,0,0
0,0,0,0,0,0,0,0,0,0,0,0,46,0,21,68,0,0,0,0,0,0,0,0,0,0,0,0,0,0,0,0,0,0,0,0,25,187,189,0,119,173,239,112,0,189,125,0,0,0,0,0,0,0,0,0,0,0,0,0,0,0,0,14,219,224,211,92,52,227,224,127,92,196,237,136,0,0,0,0,0,0,0,0,0,0,0,0,0,0,0,106,238,202,205,224,225,217,218,222,227,202,206,218,0,0,0,0,0,0,0,0,0,0,0,0,0,0,0,166,239,216,214,192,181,205,204,180,187,205,208,230,45,0,0,0,0,0,0,0,0,0,0,0,0,0,0,220,235,233,213,205,201,185,184,200,199,223,224,232,101,0,0,0,0,0,0,0,0,0,0,0,0,0,0,252,238,226,226,221,224,195,198,223,229,205,202,235,158,0,0,0,0,0,0,0,0,0,0,0,0,0,9,228,241,125,238,228,225,212,215,222,250,168,141,243,197,0,0,0,0,0,0,0,0,0,0,0,0,0,51,232,247,34,225,237,219,222,223,216,248,182,124,246,200,0,0,0,0,0,0,0,0,0,0,0,0,0,69,236,255,0,218,240,219,221,222,214,252,153,71,248,215,0,0,0,0,0,0,0,0,0,0,0,0,0,82,248,247,0,231,236,219,221,221,212,253,109,0,247,224,19,0,0,0,0,0,0,0,0,0,0,0,0,106,252,198,0,250,230,220,219,219,212,252,129,0,255,232,59,0,0,0,0,0,0,0,0,0,0,0,0,134,252,150,0,254,215,219,219,219,216,233,222,0,253,237,89,0,0,0,0,0,0,0,0,0,0,0,0,163,253,126,115,253,211,222,220,219,219,213,253,54,206,243,144,0,0,0,0,0,0,0,0,0,0,0,0,205,255,149,209,234,219,221,220,219,219,213,244,164,224,240,195,0,0,0,0,0,0,0,0,0,0,0,0,9,0,20,253,219,221,219,219,219,219,221,224,230,0,0,0,0,0,0,0,0,0,0,0,0,0,0,0,0,0,49,254,217,221,219,219,219,220,221,216,253,7,0,0,0,0,0,0,0,0,0,0,0,0,0,0,6,0,94,229,216,220,218,218,219,220,219,218,226,52,0,5,0,0,0,0,0,0,0,0,0,0,0,0,4,0,119,231,214,220,217,218,219,220,221,217,224,34,0,3,0,0,0,0,0,0,0,0,0,0,0,0,3,0,113,231,213,222,217,218,219,220,219,219,219,10,0,2,0,0,0,0,0,0,0,0,0,0,0,0,3,0,51,227,215,221,217,217,219,220,218,219,213,0,0,1,0,0,0,0,0,0,0,0,0,0,0,0,2,0,0,216,217,219,218,218,219,219,218,220,246,0,0,2,0,0,0,0,0,0,0,0,0,0,0,0,2,0,0,217,216,216,219,218,219,219,217,222,235,0,0,2,0,0,0,0,0,0,0,0,0,0,0,0,2,0,0,212,216,217,219,218,219,219,216,224,204,0,0,2,0,0,0,0,0,0,0,0,0,0,0,0,4,0,3,217,216,217,219,218,220,220,218,222,209,0,0,2,0,0,0,0,0,0,0,0,0,0,0,0,3,0,4,214,211,213,213,215,213,211,214,220,200,0,0,1,0,0,0,0,0,0,0,0,0,0,0,0,3,0,0,214,232,229,249,245,248,252,230,237,229,0,0,1,0,0,0,0,0,0,0,0,0,0,0,0,0,0,0,68,116,112,136,147,144,121,102,63,0,0,0,0,0,0,0,0,0,0
0,0,0,5,4,5,5,3,5,6,2,0,0,0,0,0,0,0,2,3,7,4,4,5,5,0,0,0,0,0,0,4,5,4,5,11,2,0,0,21,231,156,134,177,194,1,0,0,0,10,5,5,4,0,0,0,0,0,0,4,5,3,7,0,0,26,112,168,162,212,226,199,146,168,124,25,0,0,0,4,5,0,0,0,0,0,0,4,5,8,0,15,95,142,170,144,123,156,172,140,131,135,160,137,141,53,0,0,3,0,0,0,0,0,0,5,6,0,0,165,130,120,130,56,124,122,68,143,111,98,132,125,111,164,60,0,6,0,0,0,0,0,0,3,7,0,99,165,135,154,98,66,130,141,114,143,113,71,107,147,117,176,172,0,5,0,0,0,0,0,0,4,0,0,197,188,169,148,146,132,110,133,107,139,131,133,141,156,143,170,186,0,0,0,0,0,0,0,0,6,0,0,225,130,140,169,148,110,45,117,137,118,53,97,147,147,154,133,202,18,0,0,0,0,0,0,0,7,0,48,211,135,124,140,83,158,145,160,126,151,136,156,113,110,167,168,217,93,0,0,0,0,0,0,0,6,0,104,219,208,166,157,130,170,137,144,155,160,150,160,158,120,194,220,213,128,0,0,0,0,0,0,0,6,0,133,213,235,206,169,194,139,76,119,178,139,99,120,199,167,190,226,210,152,0,0,0,0,0,0,0,4,0,165,209,233,237,131,158,151,124,147,157,149,108,137,187,97,147,233,204,184,0,0,0,0,0,0,0,0,0,199,202,233,245,165,76,138,174,160,148,159,155,163,125,90,230,228,203,210,0,0,0,0,0,0,0,0,0,218,196,238,249,204,101,143,184,171,149,163,173,158,103,132,255,217,205,222,0,0,0,0,0,0,0,0,0,234,193,237,255,169,139,199,182,181,154,171,186,181,154,148,242,216,208,220,0,0,0,0,0,0,0,0,7,239,190,243,231,103,164,144,88,188,157,177,154,118,181,105,226,223,210,219,0,0,0,0,0,0,0,0,30,242,187,246,196,93,162,115,91,187,151,182,114,65,158,116,176,220,216,223,0,0,0,0,0,0,0,0,46,206,187,237,156,106,186,180,178,173,160,176,180,161,188,136,133,226,219,219,20,0,0,0,0,0,0,0,76,208,185,249,152,149,171,110,163,174,160,167,190,138,149,154,147,225,216,206,45,0,0,0,0,0,0,0,89,202,186,226,152,167,122,74,151,187,149,166,182,113,71,133,168,208,218,179,25,0,0,0,0,0,0,0,108,193,180,197,152,155,160,115,168,192,154,161,193,141,122,159,156,193,213,170,29,0,0,0,0,0,0,0,141,193,170,169,151,161,163,153,168,198,155,153,188,164,161,170,148,195,210,188,60,0,0,0,0,0,0,0,178,184,188,163,148,160,163,164,162,202,155,156,187,168,152,172,148,173,207,224,100,0,0,0,0,0,0,0,188,181,204,194,146,158,161,169,177,185,154,148,168,169,157,161,155,188,209,190,62,0,0,0,0,0,0,0,117,198,189,80,216,201,205,205,209,233,189,197,211,202,200,201,210,150,220,197,72,0,0,0,0,0,0,0,151,214,181,6,153,82,56,30,3,0,73,74,41,28,30,46,78,13,201,146,39,0,0,0,0,0,0,0,7,34,58,0,0,0,0,0,0,0,0,0,0,0,0,0,0,0,0,0,0,0,0,0,0,0,0,4,0,0,0,2,4,9,7,8,7,5,4,8,12,5,7,8,7,4,3,7,5,0,0,0
0,0,0,0,0,0,0,0,0,0,0,0,159,161,143,180,142,21,0,0,0,0,0,0,0,0,0,0,0,0,0,0,0,0,0,0,2,0,0,251,249,239,254,249,238,255,33,0,3,0,0,0,0,0,0,0,0,0,0,0,0,0,0,0,0,0,128,251,213,204,189,209,204,241,190,0,0,0,0,0,0,0,0,0,0,0,0,0,0,0,0,0,63,194,220,250,239,241,219,233,233,237,215,199,43,0,0,0,0,0,0,0,0,0,0,0,0,0,0,0,209,230,213,226,245,241,233,227,231,214,200,223,201,0,0,0,0,0,0,0,0,0,0,0,0,0,0,62,238,214,211,203,202,216,221,209,196,197,198,202,233,73,0,0,0,0,0,0,0,0,0,0,0,0,0,141,247,223,221,210,197,202,214,204,199,199,201,218,235,153,0,0,0,0,0,0,0,0,0,0,0,0,0,215,238,229,224,222,207,204,220,211,204,205,213,231,225,225,0,0,0,0,0,0,0,0,0,0,0,0,0,247,223,233,227,225,218,209,223,216,208,205,224,234,209,255,0,0,0,0,0,0,0,0,0,0,0,0,5,255,222,240,225,223,220,207,219,212,202,212,234,244,215,255,28,0,0,0,0,0,0,0,0,0,0,0,29,255,221,249,226,226,232,220,218,218,218,216,218,241,209,255,72,0,0,0,0,0,0,0,0,0,0,0,53,255,222,247,238,225,225,215,224,216,209,221,236,245,203,244,101,0,0,0,0,0,0,0,0,0,0,0,89,255,223,244,240,227,233,224,221,220,217,218,220,247,207,243,128,0,0,0,0,0,0,0,0,0,0,0,106,255,229,243,200,243,229,221,218,215,213,236,191,204,231,222,155,0,0,0,0,0,0,0,0,0,0,0,118,255,238,189,163,247,224,228,223,215,210,225,200,207,242,216,185,0,0,0,0,0,0,0,0,0,0,0,130,255,225,201,210,239,233,227,219,216,220,218,212,216,232,204,203,0,0,0,0,0,0,0,0,0,0,0,132,255,211,238,243,230,231,226,224,211,213,217,214,232,233,205,205,0,0,0,0,0,0,0,0,0,0,0,128,255,212,241,243,221,233,233,221,218,213,213,212,242,234,206,213,0,0,0,0,0,0,0,0,0,0,0,134,255,207,232,241,228,233,226,222,208,214,223,211,234,240,199,211,0,0,0,0,0,0,0,0,0,0,0,141,255,212,239,239,229,225,233,225,215,210,215,217,230,245,211,215,0,0,0,0,0,0,0,0,0,0,0,139,255,212,244,238,227,235,235,226,215,223,221,211,236,246,210,212,0,0,0,0,0,0,0,0,0,0,0,139,238,218,238,238,236,233,228,228,218,219,224,221,228,237,214,215,0,0,0,0,0,0,0,0,0,0,0,110,255,239,212,250,229,234,234,228,224,214,216,233,214,220,255,226,0,0,0,0,0,0,0,0,0,0,0,0,20,0,212,244,232,240,235,228,219,219,227,224,242,6,0,0,0,0,0,0,0,0,0,0,0,0,0,0,0,0,254,239,231,230,236,228,225,216,222,225,255,0,0,0,0,0,0,0,0,0,0,0,0,0,0,2,0,0,222,237,231,235,231,230,223,222,220,220,228,4,0,4,0,0,0,0,0,0,0,0,0,0,0,0,0,0,198,241,243,247,255,255,255,255,231,241,217,0,0,1,0,0,0,0,0,0,0,0,0,0,0,0,0,0,0,7,36,50,51,68,48,48,33,14,0,0,0,0,0,0,0,0,0
0,0,0,0,0,0,0,0,0,0,0,0,0,0,0,0,0,0,0,0,0,0,0,0,0,0,0,0,0,0,0,0,0,0,0,0,0,0,0,0,0,0,0,0,0,0,0,0,0,0,0,0,0,0,0,0,0,0,0,0,0,0,0,0,0,0,0,0,0,0,0,0,0,0,0,0,0,0,0,0,0,0,0,0,0,0,0,0,0,0,0,0,0,0,0,0,0,0,0,0,0,0,0,0,0,0,0,0,0,0,0,0,0,0,0,0,0,0,0,0,0,0,0,0,0,0,0,0,0,0,0,0,0,0,0,0,0,0,0,0,0,0,0,0,0,0,0,0,0,0,0,0,0,0,0,0,0,0,0,0,0,0,0,0,0,0,0,0,0,0,0,0,0,0,0,0,0,0,0,0,0,0,0,0,0,0,0,0,0,0,0,0,0,0,0,0,0,0,0,0,0,0,0,0,0,0,0,0,0,0,0,0,0,0,0,0,0,0,0,0,0,0,0,0,0,0,0,0,0,0,0,0,0,0,0,0,0,0,0,0,0,0,0,0,0,0,0,0,0,0,0,0,0,0,0,0,0,0,0,0,0,0,0,0,0,0,0,0,0,0,0,0,0,0,0,0,0,0,0,0,0,0,0,0,0,0,0,0,0,1,2,1,0,0,95,46,0,0,0,0,0,0,0,0,0,1,0,0,0,0,0,0,0,0,0,1,2,0,0,0,64,204,155,203,40,0,0,0,0,0,91,172,147,247,22,0,0,0,0,0,1,2,0,0,0,0,57,154,217,50,15,172,191,33,0,100,229,232,212,147,47,14,0,0,0,0,0,0,0,0,0,25,86,168,214,102,0,0,0,0,197,203,183,229,217,99,0,0,0,0,0,0,1,2,0,0,0,60,186,229,130,26,0,0,0,2,2,0,23,222,246,22,0,0,0,2,1,7,2,0,0,0,0,0,0,231,88,0,0,0,0,0,0,0,0,0,0,22,226,197,0,0,0,0,0,0,0,0,39,70,75,36,91,175,0,32,33,32,26,28,28,36,42,40,44,1,130,254,196,37,85,78,77,77,82,25,0,28,53,64,60,46,88,88,96,89,92,92,92,92,92,88,82,85,43,32,96,124,114,113,110,107,119,54,0,0,0,0,0,0,0,0,0,0,0,0,0,0,0,0,0,0,0,0,0,0,0,0,0,0,0,0,0,0,0,0,0,0,0,0,0,0,0,0,0,0,0,0,0,0,0,0,0,0,0,0,0,0,0,0,0,0,0,0,0,0,0,0,0,0,0,0,0,0,0,0,0,0,0,0,0,0,0,0,0,0,0,0,0,0,0,0,0,0,0,0,0,0,0,0,0,0,0,0,0,0,0,0,0,0,0,0,0,0,0,0,0,0,0,0,0,0,0,0,0,0,0,0,0,0,0,0,0,0,0,0,0,0,0,0,0,0,0,0,0,0,0,0,0,0,0,0,0,0,0,0,0,0,0,0,0,0,0,0,0,0,0,0,0,0,0,0,0,0,0,0,0,0,0,0,0,0,0,0,0,0,0,0,0,0,0,0,0,0,0,0,0,0,0,0,0,0,0,0,0,0,0,0,0,0,0,0,0,0,0,0,0,0,0,0,0,0,0,0,0,0,0,0,0,0,0,0,0,0,0,0,0,0,0,0,0,0,0,0,0,0,0,0,0,0,0,0,0,0,0,0,0,0,0,0,0,0,0,0,0,0,0,0,0,0,0,0,0,0,0,0,0,0,0,0,0,0,0,0
0,0,0,0,0,0,3,2,0,0,60,234,215,229,223,231,107,0,0,0,0,4,0,0,0,0,0,0,0,0,0,0,0,2,0,0,0,0,224,219,128,175,136,151,254,53,0,0,0,0,0,0,0,0,0,0,0,0,0,0,0,0,8,95,161,244,211,210,143,140,148,127,220,228,215,183,150,23,0,1,0,0,0,0,0,0,0,0,0,106,216,225,222,218,213,184,255,214,209,233,213,211,216,219,232,217,7,0,4,0,0,0,0,0,0,0,0,205,220,203,207,204,212,204,212,204,212,218,214,217,213,212,206,229,134,0,1,0,0,0,0,0,0,0,25,218,196,217,211,212,209,206,225,169,214,217,215,213,216,214,212,217,174,0,0,0,0,0,0,0,0,0,98,225,194,219,212,207,211,207,210,212,213,216,218,209,216,209,214,208,216,15,0,0,0,0,0,0,0,0,158,225,212,215,211,210,208,207,215,208,213,217,210,213,214,206,235,195,215,78,0,0,0,0,0,0,0,0,231,198,204,225,208,210,210,208,219,193,212,212,215,220,211,212,229,185,210,129,0,0,0,0,0,0,0,0,217,200,192,219,217,206,207,212,223,194,214,215,221,216,209,222,208,153,215,196,0,0,0,0,0,0,0,35,226,189,176,215,220,221,211,203,225,160,207,220,218,211,211,227,192,170,194,224,0,0,0,0,0,0,0,62,255,191,159,218,216,221,215,207,219,195,210,212,216,215,212,225,194,173,187,235,11,0,0,0,0,0,0,74,221,206,181,219,211,220,215,209,220,197,204,214,212,218,208,225,200,190,183,234,47,0,0,0,0,0,0,100,192,175,208,222,214,218,215,210,210,207,211,213,209,217,204,222,204,140,195,254,69,0,0,0,0,0,0,115,211,161,212,224,204,220,215,208,215,197,207,214,208,217,209,217,221,191,212,221,87,0,0,0,0,0,0,135,212,176,208,231,209,221,211,205,214,210,210,207,212,214,212,231,223,188,194,220,101,0,0,0,0,0,0,154,208,192,200,210,221,221,210,206,212,216,207,213,216,211,215,230,187,197,183,215,116,0,0,0,0,0,0,175,203,196,188,176,231,214,210,207,214,216,207,215,222,209,210,238,211,191,152,222,119,0,0,0,0,0,0,179,197,193,190,154,239,218,213,208,214,212,210,211,218,215,215,231,183,205,149,225,121,0,0,0,0,0,0,184,180,194,202,109,252,211,220,207,206,217,209,212,217,211,202,249,164,211,154,210,131,0,0,0,0,0,0,192,170,176,240,108,250,213,218,207,207,219,212,213,216,212,204,248,151,201,168,217,143,0,0,0,0,0,0,185,178,183,250,98,254,221,224,208,204,217,211,215,222,218,210,255,121,185,177,214,150,0,0,0,0,0,0,178,193,202,255,7,248,217,214,212,211,222,212,217,217,218,210,241,56,181,194,199,156,0,0,0,0,0,0,163,197,208,255,0,255,221,209,203,211,213,209,211,206,210,216,255,26,167,193,199,155,0,0,0,0,0,0,160,201,199,255,0,132,213,226,227,229,230,229,232,234,225,204,143,0,168,207,207,155,0,0,0,0,0,0,82,214,219,156,0,0,0,26,57,83,102,84,57,42,25,0,0,0,111,224,218,153,0,0,0,0,0,0,67,221,237,138,0,2,0,0,0,0,0,0,0,0,0,0,2,0,77,210,204,156,0,0,0,0,0,0,1,76,88,35,0,0,2,5,7,3,3,3,3,7,5,1,0,0,0,0,0,0,0,0,0
0,0,0,0,0,0,0,0,0,0,0,1,0,0,141,45,0,1,0,0,0,0,0,0,0,0,0,0,0,0,0,0,0,0,0,0,0,0,0,6,0,86,103,65,42,0,3,0,0,0,0,0,0,0,0,0,0,0,0,0,0,0,0,0,0,0,0,1,0,162,0,88,150,0,7,0,0,0,0,0,0,0,0,0,0,0,0,0,0,0,0,0,0,0,3,0,45,138,0,34,156,0,1,0,0,0,0,0,0,0,0,0,0,0,0,0,0,0,0,0,0,0,4,0,118,51,0,0,170,0,0,1,0,0,0,0,0,0,0,0,0,0,0,0,0,0,0,0,0,0,0,0,153,0,1,0,147,71,0,4,0,0,0,0,0,0,0,0,0,0,0,0,0,0,0,0,0,3,0,50,153,0,3,0,101,112,0,9,0,0,0,0,0,0,0,0,0,0,0,0,0,0,0,0,0,4,0,100,115,0,3,0,59,144,0,4,0,0,0,0,0,0,0,0,0,0,0,0,0,0,0,0,0,0,0,145,42,0,1,0,16,173,0,0,1,0,0,0,0,0,0,0,0,0,0,0,0,0,0,0,1,0,0,179,0,0,1,0,0,185,10,0,4,0,0,0,0,0,0,0,0,0,0,0,0,3,4,4,3,0,68,232,0,0,4,0,0,189,72,0,4,1,6,0,0,0,0,0,0,0,0,0,0,0,0,0,0,0,124,201,0,0,0,0,0,182,182,0,0,0,0,0,0,0,0,0,0,0,0,0,0,22,106,103,118,78,177,192,54,97,104,121,75,171,195,63,86,83,80,0,0,0,0,0,0,0,0,0,0,54,210,200,191,197,223,227,204,214,177,197,168,157,200,197,198,207,183,0,0,0,0,0,0,0,0,0,0,18,195,194,192,183,166,183,176,138,121,142,177,165,139,191,195,206,132,0,0,0,0,0,0,0,0,0,0,4,221,189,177,151,168,170,153,129,136,138,148,171,154,148,203,241,109,0,0,0,0,0,0,0,0,0,0,0,215,188,180,189,185,179,201,160,162,174,147,145,171,170,177,244,80,0,0,0,0,0,0,0,0,0,0,0,177,220,212,195,192,177,135,144,183,177,144,154,159,189,177,212,40,0,0,0,0,0,0,0,0,0,0,0,154,223,207,197,198,156,151,162,194,163,153,160,176,194,207,232,0,0,0,0,0,0,0,0,0,0,0,0,89,221,210,204,217,207,201,194,176,138,160,165,194,197,209,224,0,0,0,0,0,0,0,0,0,0,0,0,30,235,224,210,224,244,232,220,212,200,194,179,201,206,201,203,0,0,0,0,0,0,0,0,0,0,0,0,0,236,201,194,214,206,203,212,224,221,224,220,217,209,201,174,0,0,0,0,0,0,0,0,0,0,0,0,0,215,220,212,214,195,204,215,221,221,223,226,226,207,206,147,0,0,0,0,0,0,0,0,0,0,0,0,0,162,235,210,204,220,232,235,238,235,229,223,221,212,212,119,0,0,0,0,0,0,0,0,0,0,0,4,0,136,242,218,239,247,238,229,220,200,194,204,210,217,220,86,0,0,0,0,0,0,0,0,0,0,0,1,0,104,232,207,195,186,183,183,192,201,217,220,220,218,218,21,0,0,0,0,0,0,0,0,0,0,0,3,0,48,244,214,209,212,229,241,245,244,238,229,227,223,255,0,0,0,0,0,0,0,0,0,0,0,0,3,0,0,220,215,210,198,185,188,194,177,189,198,203,214,166,0,0,0,0,0,0,0
0,0,0,0,1,0,0,0,0,41,162,167,84,30,38,94,177,176,26,0,0,0,1,0,0,0,0,0,0,0,0,1,0,0,41,147,228,242,228,236,251,251,251,255,242,230,247,221,125,0,0,0,0,0,0,0,0,0,0,0,0,91,216,228,222,219,219,218,222,200,224,230,221,222,222,227,237,183,0,0,0,0,0,0,0,0,0,0,4,202,208,212,217,219,222,222,219,219,220,218,222,224,224,221,210,227,163,0,0,0,0,0,0,0,0,0,102,225,210,216,218,222,221,219,225,225,221,222,224,222,224,224,215,215,218,28,0,0,0,0,0,0,0,0,189,222,220,213,219,220,218,221,220,219,222,226,222,220,221,216,215,218,229,148,0,0,0,0,0,0,0,11,240,210,227,213,214,220,217,220,224,220,221,217,206,209,208,212,220,224,218,234,0,0,0,0,0,0,0,118,214,208,224,216,211,226,212,219,213,193,192,179,194,213,216,216,217,227,216,221,91,0,0,0,0,0,0,170,221,205,225,219,217,232,232,226,182,182,211,226,220,212,217,216,216,225,213,226,184,0,0,0,0,0,0,0,181,229,219,220,213,227,226,222,214,222,220,216,215,213,214,216,215,220,233,211,0,0,0,0,0,0,0,0,0,164,242,222,210,214,211,215,215,216,217,215,215,215,215,213,222,238,184,0,0,0,0,0,0,0,0,2,0,0,60,222,217,214,214,215,219,202,217,210,203,216,212,221,200,60,0,0,0,0,0,0,0,0,0,0,0,0,0,193,222,208,216,215,216,218,220,219,215,216,204,222,148,0,0,0,0,0,0,0,0,0,0,0,0,0,0,194,222,206,216,216,217,218,217,218,216,218,208,219,179,0,0,0,0,0,0,0,0,0,0,0,1,0,0,192,224,213,217,217,218,217,217,217,215,216,209,215,176,0,0,0,0,0,0,0,0,0,0,0,1,0,0,194,221,214,217,216,216,217,217,217,216,214,210,214,177,0,0,0,0,0,0,0,0,0,0,0,1,0,0,193,220,214,218,217,216,217,217,216,216,215,212,214,183,0,0,0,0,0,0,0,0,0,0,0,1,0,0,197,220,214,219,218,218,218,218,217,217,219,214,217,189,0,0,1,0,0,0,0,0,0,0,0,0,0,0,201,222,214,219,218,219,219,218,218,217,219,216,220,196,0,0,1,0,0,0,0,0,0,0,0,0,0,0,209,222,216,220,219,219,220,220,218,217,219,216,222,203,0,0,1,0,0,0,0,0,0,0,0,0,0,0,209,221,216,220,219,219,221,221,219,219,221,217,222,210,0,0,1,0,0,0,0,0,0,0,0,0,0,0,208,222,218,221,220,220,221,222,220,220,222,219,222,216,0,0,1,0,0,0,0,0,0,0,0,1,0,0,210,226,220,221,220,221,222,222,220,220,224,221,224,221,0,0,0,0,0,0,0,0,0,0,0,1,0,0,217,227,219,222,224,219,219,221,222,220,221,222,225,220,0,0,0,0,0,0,0,0,0,0,0,1,0,0,183,228,221,225,221,215,217,221,222,221,222,224,224,193,0,0,1,0,0,0,0,0,0,0,0,1,0,0,179,225,218,221,219,213,213,217,220,219,218,221,222,197,0,0,2,0,0,0,0,0,0,0,0,1,0,0,240,233,228,235,232,229,228,229,231,231,231,228,229,212,0,0,1,0,0,0,0,0,0,0,0,0,0,0,101,157,148,148,167,180,182,179,176,172,171,164,177,163,0,0,1,0,0,0,0
0,0,0,0,0,0,0,0,0,0,0,0,18,143,174,176,150,20,0,0,0,0,0,0,0,0,0,0,0,0,0,0,0,0,0,0,0,0,0,94,253,117,11,23,147,255,91,0,0,1,1,0,0,0,0,0,0,0,0,0,0,0,0,0,1,0,34,188,12,0,0,0,0,32,203,45,0,2,0,0,0,0,0,0,0,0,0,0,0,0,0,0,0,0,159,99,0,5,0,1,1,0,130,167,0,0,0,0,0,0,0,0,0,0,0,0,0,0,0,3,0,32,177,0,0,0,0,0,1,0,0,190,29,0,2,0,0,0,0,0,0,0,0,0,0,0,0,2,0,106,149,0,1,3,0,1,0,0,0,169,116,0,2,0,0,0,0,0,0,0,0,0,0,0,1,0,0,165,153,0,3,0,0,1,0,2,0,151,158,0,0,0,0,0,0,0,0,1,2,1,1,0,0,1,0,155,123,0,3,0,0,0,0,1,0,114,190,0,0,1,0,0,0,0,0,0,0,2,0,0,0,0,3,198,108,0,0,0,0,0,0,0,0,113,214,62,0,0,0,1,0,0,0,0,1,0,0,0,0,0,52,214,135,57,108,101,110,115,117,122,65,137,199,181,0,0,0,0,1,0,0,1,0,18,61,88,96,67,44,136,66,30,44,27,20,23,25,30,28,30,125,98,74,87,48,3,0,0,0,0,0,10,64,50,1,1,29,206,146,0,3,11,12,10,10,14,1,34,216,151,0,2,28,80,0,0,0,0,0,0,93,64,3,3,24,194,121,0,47,61,48,41,48,53,5,26,195,112,0,30,2,131,30,0,0,0,0,0,29,42,13,7,18,186,120,0,24,18,19,21,20,24,5,26,192,115,0,30,14,91,0,0,0,0,0,48,149,19,18,7,28,188,110,1,34,25,27,28,27,27,8,26,192,118,1,33,8,106,20,0,0,0,0,193,149,1,25,8,39,209,141,1,29,25,26,27,27,30,10,35,206,144,1,35,3,102,60,0,0,0,89,237,138,1,28,15,17,90,45,6,28,27,28,28,29,30,23,16,77,40,10,33,6,92,91,0,0,0,230,173,126,1,31,30,22,4,12,30,28,28,29,29,29,32,27,23,8,21,31,33,10,70,154,0,0,38,255,102,157,2,35,30,36,35,37,31,28,29,30,30,31,32,30,32,39,34,31,36,14,47,164,0,0,139,186,35,167,1,38,29,35,32,33,31,34,30,29,30,31,31,34,31,33,33,31,36,19,36,158,0,0,180,95,21,160,2,39,31,31,32,33,34,34,32,32,33,34,34,34,34,34,33,33,36,23,38,162,0,0,181,39,8,137,4,38,33,34,35,35,34,33,35,36,34,34,35,35,35,35,35,35,39,25,46,112,0,0,167,39,0,86,20,41,38,39,40,39,37,36,37,36,35,35,35,37,36,37,36,37,41,28,53,49,0,0,91,67,0,78,27,45,43,43,48,47,46,43,41,40,39,38,37,37,37,36,36,38,40,28,53,34,0,0,5,65,26,75,13,40,37,37,31,31,29,32,36,45,42,42,42,43,43,42,40,44,39,36,52,39,0,0,0,120,216,118,81,102,108,122,129,135,141,117,42,35,35,30,29,29,29,28,28,29,36,29,56,49,0,0,0,136,220,203,225,212,212,223,230,214,204,221,121,99,102,94,91,87,86,85,86,83,75,76,70,32,0,0,0,21,99,125,137,140,153,158,163,170,157,118,2,3,12,11,12,9,10,9,9,8,1,0,0,0,0
0,0,0,0,0,0,0,0,0,0,0,0,0,0,0,0,0,0,0,0,0,0,0,0,0,0,0,0,0,0,0,0,0,0,0,0,0,0,0,0,0,0,0,0,0,0,0,0,0,0,0,0,0,0,0,0,0,0,0,0,0,0,0,0,0,1,0,0,31,0,70,135,0,0,35,23,4,5,1,3,12,5,0,0,0,0,0,0,0,0,0,0,0,2,0,9,135,128,176,226,181,193,242,217,143,125,188,155,129,115,207,74,0,0,0,0,0,0,0,0,0,1,0,0,99,142,206,230,166,184,231,222,158,146,232,164,95,167,225,46,0,0,0,0,0,0,0,0,0,1,0,0,99,180,212,154,84,106,212,172,82,86,177,189,87,146,220,6,0,0,0,0,0,0,0,0,0,1,0,0,162,229,195,58,87,108,97,94,121,141,93,79,108,85,255,0,0,0,0,0,0,0,0,0,0,4,0,171,239,221,125,96,86,102,117,68,93,75,96,89,107,77,173,0,0,0,0,0,0,0,0,0,0,0,0,8,177,177,39,131,86,89,87,95,87,73,80,89,81,97,131,0,0,0,0,0,0,0,0,0,0,0,0,0,41,115,66,100,73,136,141,80,90,74,105,97,117,133,46,0,0,0,0,0,0,0,0,0,0,2,0,27,167,74,116,41,112,137,83,122,113,99,79,107,88,133,63,0,0,0,0,0,0,0,0,0,0,6,0,70,232,168,138,98,75,114,120,120,95,98,97,92,75,154,55,0,1,1,0,0,0,0,0,0,2,1,0,0,139,183,178,173,90,107,128,80,100,103,93,103,98,123,16,0,0,0,0,0,0,0,0,0,0,0,0,0,89,190,201,215,121,93,95,102,101,111,124,113,133,151,4,0,0,0,0,0,0,0,0,0,0,0,10,30,42,95,117,194,171,173,217,179,148,144,125,138,125,126,1,0,0,0,0,0,0,1,1,0,0,29,44,45,57,73,89,101,106,119,96,111,93,138,131,124,90,125,25,0,0,0,0,0,1,0,0,6,40,41,35,64,89,98,113,124,134,142,87,144,88,99,135,121,98,122,101,0,0,0,1,0,0,2,31,52,48,53,68,79,96,115,114,115,130,131,83,108,133,154,129,116,118,115,137,0,0,0,0,0,21,50,43,46,61,69,95,116,112,112,120,125,129,117,181,152,161,136,137,134,128,102,153,13,0,0,8,47,53,45,51,63,79,93,115,132,131,123,129,129,116,110,137,129,113,118,135,138,115,99,126,0,0,25,61,53,56,66,70,104,117,122,122,113,115,110,104,106,93,86,136,84,95,88,108,114,117,115,121,10,11,89,75,71,101,117,119,129,125,125,114,99,98,114,119,120,103,102,159,134,138,113,106,95,94,87,107,24,57,100,106,103,111,122,119,107,110,113,98,89,88,85,94,87,81,73,82,78,81,79,82,88,93,101,132,24,71,68,58,66,63,57,58,61,67,69,78,89,103,111,114,123,135,139,130,135,135,131,132,134,134,119,126,19,94,139,137,136,139,138,142,146,139,149,136,136,141,135,138,135,136,128,122,124,128,120,121,119,116,103,132,31,1,57,82,45,90,69,111,61,122,50,121,40,103,32,103,34,81,47,69,80,48,123,12,110,115,102,79,0,0,0,0,0,0,0,0,0,0,0,0,0,0,0,0,0,0,0,0,0,0,0,0,0,0,0,0,0,0,0,0,0,0,0,0,0,0,0,0,0,0,0,0,0,0,0,0,0,0,0,0,0,0,0,0,0
0,0,0,0,0,0,0,0,0,0,0,0,0,0,0,0,0,0,0,0,0,0,0,0,0,0,0,0,0,0,0,0,0,3,0,0,0,142,205,52,0,0,0,0,19,171,187,41,0,0,0,3,0,0,0,0,0,0,0,2,0,0,21,149,241,221,227,220,196,185,185,195,206,223,215,216,244,135,0,0,6,0,1,0,0,0,3,0,0,119,223,220,208,199,208,205,191,194,194,195,199,207,202,200,206,230,196,19,0,4,0,0,0,4,0,0,160,234,196,197,204,207,197,216,220,217,218,215,216,203,201,202,205,199,211,206,21,0,8,0,5,0,0,196,226,194,206,200,207,205,201,195,193,198,202,201,198,197,199,199,202,205,199,207,213,36,0,6,0,3,184,218,192,204,204,199,206,202,200,203,215,219,208,204,205,195,200,191,201,203,204,197,205,212,26,0,42,189,218,201,200,201,200,200,200,203,195,223,158,128,100,151,208,193,205,200,203,197,203,203,197,209,201,30,68,223,200,197,198,201,199,200,201,199,193,210,138,19,2,109,242,213,214,207,197,203,204,203,202,198,225,77,0,61,217,200,197,200,198,200,203,208,195,236,173,0,0,108,225,73,163,217,195,202,202,201,198,225,78,0,4,0,98,220,196,196,195,201,202,220,89,100,172,0,0,73,127,77,208,210,196,195,204,202,220,86,0,3,3,1,0,148,229,199,199,202,199,223,176,85,133,62,13,118,105,165,231,200,204,203,193,255,105,0,0,0,0,2,0,0,73,155,218,200,201,198,232,172,115,116,112,116,154,233,200,202,199,241,77,22,0,0,2,0,0,0,2,0,0,178,217,195,206,204,198,244,141,149,136,144,160,182,209,200,199,215,114,0,0,0,0,0,0,2,1,0,0,208,210,194,205,197,215,143,110,138,162,144,83,70,232,199,198,210,139,0,7,0,0,0,1,0,2,0,0,215,205,200,203,196,220,144,141,162,137,159,69,179,236,199,196,215,147,0,6,0,0,0,0,0,1,0,0,183,209,204,205,196,222,160,37,51,52,90,11,170,212,199,199,217,152,0,5,0,0,0,0,0,1,0,0,185,206,202,201,203,217,194,116,140,151,181,61,187,211,199,199,217,151,0,5,0,0,0,0,0,2,0,0,190,205,200,201,198,215,200,169,176,185,166,0,173,213,199,199,217,155,0,5,0,0,0,0,0,2,0,0,195,205,202,201,199,228,103,54,65,54,80,0,96,241,198,199,216,160,0,5,0,0,0,0,0,2,0,0,199,204,201,203,201,217,191,92,108,120,139,24,173,240,200,199,213,164,0,4,0,0,0,0,0,3,0,0,202,203,200,207,199,212,190,129,145,136,163,32,44,231,203,199,213,162,0,4,0,0,0,0,0,3,0,1,203,204,202,202,205,206,208,208,212,211,223,116,103,249,197,200,215,168,0,5,0,0,0,0,0,3,0,5,206,205,202,200,206,204,200,191,184,174,209,130,72,239,200,200,216,167,0,4,0,0,0,0,0,3,0,6,205,202,200,201,199,207,165,83,101,88,106,16,127,215,200,196,215,147,0,4,0,0,0,0,0,3,0,16,222,214,208,211,206,217,158,123,151,138,169,35,182,216,207,211,228,154,0,4,0,0,0,0,0,3,0,21,167,184,185,186,184,198,132,41,67,70,73,84,240,194,186,181,192,133,0,3,0,0,0,0,0,0,0,0,0,0,0,0,0,0,2,6,15,13,5,10,0,0,0,0,0,0,0,1,0,0,0
0,0,0,0,1,1,0,0,0,0,49,218,208,185,200,202,85,11,0,0,0,3,0,0,0,0,0,0,0,0,0,0,1,0,0,65,148,199,167,180,243,255,238,179,161,210,179,126,16,0,0,0,0,0,0,0,0,0,0,0,0,4,123,157,149,141,146,125,115,123,115,134,149,146,146,156,154,77,0,3,0,0,0,0,0,0,0,0,0,106,139,111,118,121,133,138,139,143,149,144,138,143,133,120,131,128,0,0,0,0,0,0,0,0,0,0,0,95,115,118,133,129,128,121,118,120,123,123,128,128,126,131,133,131,14,0,0,0,0,0,0,0,0,0,0,131,118,95,77,88,87,90,87,95,97,92,95,95,90,82,105,120,23,0,0,0,0,0,0,0,0,0,0,93,83,80,80,90,97,103,111,103,100,102,110,100,85,98,90,105,39,0,0,0,0,0,0,0,0,0,0,105,92,75,80,92,78,80,83,80,78,82,83,95,100,93,93,116,62,0,0,0,0,0,0,0,0,0,14,110,100,118,62,57,78,78,85,87,85,88,92,87,47,115,125,106,70,0,0,0,0,0,0,0,0,0,13,83,70,111,65,121,131,126,133,128,131,134,138,139,93,159,106,92,67,0,0,0,0,0,0,0,0,0,24,120,108,169,143,90,108,98,100,95,98,97,100,105,111,227,164,143,113,0,0,0,0,0,0,0,0,0,39,161,154,194,139,51,88,83,92,95,98,98,95,82,65,190,174,128,105,0,0,0,0,0,0,0,0,0,32,102,138,185,138,108,138,133,144,133,133,138,139,144,82,161,189,126,110,0,0,0,0,0,0,0,0,0,59,126,167,194,70,108,105,93,93,93,95,95,100,110,78,151,238,157,161,0,0,0,0,0,0,0,0,0,83,141,184,179,32,97,100,102,103,103,111,113,110,110,78,88,222,134,128,0,0,0,0,0,0,0,0,0,70,98,167,143,51,157,134,138,131,131,143,131,131,149,125,98,230,157,143,19,0,0,0,0,0,0,0,0,113,149,197,148,34,113,78,93,88,90,95,92,87,97,103,54,213,174,159,41,0,0,0,0,0,0,0,0,88,106,167,93,49,121,113,129,133,138,141,134,125,134,126,32,187,153,120,36,0,0,0,0,0,0,0,0,97,110,177,80,85,136,121,120,118,120,121,118,116,125,164,47,200,184,171,64,0,0,0,0,0,0,0,0,121,141,187,75,51,93,92,98,98,103,105,103,100,98,115,23,169,166,116,46,0,0,0,0,0,0,0,0,85,85,166,46,100,129,131,136,138,138,146,146,143,143,157,64,167,190,138,54,0,0,0,0,0,0,0,0,118,138,187,52,80,110,103,102,102,103,111,116,110,102,125,60,144,187,134,59,0,0,0,0,0,0,0,0,92,105,161,69,80,113,98,106,126,128,116,116,126,115,116,55,128,187,115,44,0,0,0,0,0,0,0,0,110,136,174,77,103,126,116,121,121,125,126,126,129,134,143,78,154,208,162,80,0,0,0,0,0,0,0,0,118,134,161,55,133,129,131,134,136,136,139,146,136,139,149,83,123,180,105,60,0,0,0,0,0,0,0,0,93,95,141,69,108,136,115,118,120,121,131,131,126,143,171,83,126,200,139,85,0,0,0,0,0,0,0,0,146,141,174,44,0,0,0,0,0,0,0,0,0,0,0,0,146,205,172,98,0,0,0,0,0,0,0,0,126,139,167,41,0,0,0,0,0,0,0,0,0,0,0,0,118,190,162,82,0,0,0,0
0,0,0,0,0,0,0,0,16,43,71,55,29,17,18,33,59,88,50,28,0,0,0,0,0,0,0,0,0,0,0,1,0,0,44,90,97,69,61,90,120,139,145,145,154,76,67,104,91,54,6,0,0,0,0,0,0,0,0,0,0,87,89,65,58,55,56,50,62,48,46,30,25,40,59,58,59,83,89,0,0,0,0,0,0,0,0,0,30,103,40,38,34,29,39,68,30,30,45,12,39,50,49,47,37,61,75,15,0,0,0,0,0,0,0,0,43,112,52,36,83,61,47,125,69,96,113,58,45,32,49,54,37,64,61,37,0,0,0,0,0,0,0,0,49,100,68,112,144,157,140,165,107,139,184,107,25,37,108,158,60,35,50,48,0,0,0,0,0,0,0,0,61,60,98,122,161,170,142,140,107,171,102,15,45,164,155,44,67,29,51,52,0,0,0,0,0,0,0,0,76,27,110,157,101,178,133,128,142,125,12,87,197,111,139,62,92,35,41,57,0,0,0,0,0,0,0,6,83,18,87,184,175,182,103,149,115,9,90,231,112,122,147,66,22,49,40,57,0,0,0,0,0,0,0,12,82,8,97,93,28,71,158,121,14,36,112,77,141,115,152,145,16,52,35,51,0,0,0,0,0,0,0,20,81,6,94,73,72,154,113,19,22,73,8,101,133,173,69,9,32,57,35,59,9,0,0,0,0,0,0,27,83,8,78,108,128,128,124,142,193,76,6,202,45,146,125,41,41,62,28,57,13,0,0,0,0,0,0,32,83,5,73,124,97,132,172,167,173,7,172,195,105,157,158,29,45,69,25,50,18,0,0,0,0,0,0,34,85,3,62,108,86,203,135,149,32,3,198,150,133,140,165,5,59,78,22,49,25,0,0,0,0,0,0,35,78,6,59,112,119,158,188,133,7,135,170,152,111,115,139,17,55,108,22,50,23,0,0,0,0,0,0,36,71,16,30,149,104,122,194,18,64,255,65,154,172,137,119,0,57,124,19,49,26,0,0,0,0,0,0,39,69,18,25,152,131,198,76,13,176,192,93,158,136,111,51,0,48,104,26,50,32,0,0,0,0,0,0,37,66,23,20,152,86,243,18,105,179,146,185,160,132,162,65,2,46,92,33,46,29,0,0,0,0,0,0,38,61,26,19,162,62,59,17,194,135,131,141,108,118,165,65,1,27,79,43,44,29,0,0,0,0,0,0,46,59,32,12,167,56,33,45,149,78,135,91,122,76,18,0,100,54,40,39,43,30,0,0,0,0,0,0,48,60,27,12,153,73,58,73,0,91,87,0,11,12,23,20,125,86,52,46,45,32,0,0,0,0,0,0,51,60,25,17,133,54,51,73,46,86,43,28,30,33,36,20,129,87,68,39,40,35,0,0,0,0,0,0,58,61,28,25,133,45,59,66,56,41,36,36,36,40,43,25,59,62,88,41,55,37,0,0,0,0,0,0,35,61,27,27,96,59,61,57,58,52,39,39,43,33,30,35,40,20,73,52,48,20,0,0,0,0,0,0,36,83,36,37,83,66,51,58,60,47,28,26,28,28,32,22,49,18,60,75,60,19,0,0,0,0,0,0,9,33,26,13,15,111,83,82,81,66,61,67,61,65,67,68,77,5,3,12,6,1,0,0,0,0,0,0,0,0,0,0,0,5,58,85,86,79,64,68,75,73,69,51,3,0,0,0,0,0,0,0,0,0,0,0,0,1,0,0,0,0,0,0,6,23,37,36,23,7,0,0,0,1,1,1,1,0,0,0,0
0,0,0,0,0,0,0,0,0,0,0,0,0,0,0,0,0,0,0,0,0,0,0,0,0,0,0,0,0,0,0,0,0,0,0,0,0,0,0,0,0,0,0,0,0,0,0,0,0,0,0,0,0,0,0,0,0,0,0,0,0,0,0,0,0,0,0,0,0,0,0,0,0,0,0,0,0,0,0,0,0,0,0,0,0,0,0,0,0,0,0,0,0,0,0,0,0,0,0,0,0,0,0,0,0,0,0,0,0,0,0,0,0,0,0,0,0,0,0,0,0,0,0,0,0,0,0,0,0,0,0,0,0,0,0,0,0,0,0,0,0,0,0,0,0,0,0,0,0,0,0,3,0,12,28,29,46,60,86,69,111,131,95,60,57,82,21,0,0,0,0,0,0,0,0,0,0,1,0,9,0,149,231,221,255,255,255,255,245,246,255,255,241,252,60,0,0,0,0,0,0,0,0,0,0,0,0,0,0,205,237,225,235,237,210,255,159,140,246,236,227,247,77,0,0,0,0,0,0,0,0,0,0,0,0,0,0,211,243,234,233,243,224,247,254,243,246,237,232,253,92,0,0,0,0,0,0,0,0,0,0,0,0,0,0,174,246,233,239,244,228,244,240,243,238,239,230,251,64,0,0,0,0,0,0,0,0,0,0,0,0,4,0,136,252,222,242,241,221,246,239,234,239,240,231,245,40,0,0,0,0,0,0,0,0,0,0,0,2,0,0,102,255,224,235,239,228,240,237,236,234,235,230,243,37,0,0,0,0,0,0,0,0,0,2,0,0,0,93,221,243,244,248,239,222,236,234,241,239,232,228,237,22,0,0,0,0,0,0,2,0,0,0,0,120,255,255,235,219,221,235,250,227,241,239,239,239,240,227,238,58,0,0,0,1,1,0,0,0,0,124,252,245,231,222,232,238,236,227,224,213,243,246,239,241,233,209,248,174,0,0,2,0,0,0,0,125,255,248,233,231,236,236,238,237,242,246,250,218,242,240,240,235,226,230,246,225,0,0,0,0,5,145,255,248,232,225,230,235,235,235,240,242,241,239,248,235,241,242,234,233,237,241,240,246,0,0,0,129,228,243,235,225,228,236,231,233,237,239,239,241,242,241,249,237,236,242,233,239,243,234,235,255,31,0,130,255,225,230,229,230,231,231,234,234,236,239,237,239,239,238,246,235,232,238,241,239,239,238,232,255,61,63,216,214,228,234,243,243,246,247,250,250,252,253,252,255,255,255,255,250,247,252,251,250,247,248,232,244,105,53,204,222,213,210,211,212,203,199,198,199,199,200,199,200,201,198,205,210,207,205,199,194,191,213,211,219,165,0,61,169,212,238,248,255,255,255,255,255,255,255,255,255,255,255,255,255,255,255,255,255,255,255,238,241,77,0,0,0,0,0,1,13,28,39,47,46,45,43,48,51,51,56,66,87,85,85,86,81,72,51,41,37,0,0,0,0,0,0,0,0,0,0,0,0,0,0,0,0,0,0,0,0,0,0,0,0,0,0,0,0,0,0,0,0,0,0,0,0,0,0,0,0,0,0,0,0,0,0,0,0,0,0,0,0,0,0,0,0,0,0,0,0,0,0,0,0,0,0,0,0,0,0,0,0,0,0,0,0,0,0,0,0,0,0,0,0,0,0,0,0,0,0,0,0,0,0,0,0,0,0,0,0,0,0,0,0,0,0,0,0,0,0,0,0,0,0,0,0,0,0,0,0,0,0,0,0,0,0,0,0,0,0,0,0,0,0,0,0,0,0,0,0,0
0,0,0,0,0,0,0,0,0,0,34,109,9,0,0,80,137,0,0,0,0,0,0,0,0,0,0,0,0,0,0,0,0,0,0,0,9,202,239,247,255,255,255,255,239,255,138,0,0,0,0,0,0,0,0,0,0,0,0,0,0,0,0,0,255,255,238,238,236,238,236,232,228,229,255,201,0,0,0,0,0,0,0,0,0,0,0,0,0,3,0,97,255,231,240,240,239,238,238,236,233,226,232,217,0,0,1,0,0,0,0,0,0,0,0,0,0,0,0,179,253,236,242,238,238,236,239,238,228,221,228,245,41,0,2,0,0,0,0,0,0,0,0,0,0,0,0,245,245,245,239,237,237,236,237,235,232,230,236,251,121,0,1,0,0,0,0,0,0,0,0,0,0,0,0,228,246,245,250,236,236,236,236,235,243,227,200,254,193,0,0,0,0,0,0,0,0,0,0,0,0,0,26,243,237,64,254,243,235,236,237,228,255,141,58,255,213,0,0,0,0,0,0,0,0,0,0,0,0,0,75,255,255,0,227,254,232,237,237,223,255,69,0,254,240,32,0,0,0,0,0,0,0,0,0,0,0,0,108,255,200,0,253,254,234,236,235,226,255,121,0,255,255,79,0,0,0,0,0,0,0,0,0,0,0,0,124,255,156,0,255,248,235,236,235,228,255,196,0,242,255,107,0,0,0,0,0,0,0,0,0,0,0,0,139,255,121,0,255,242,235,236,235,231,247,252,0,182,255,121,0,0,0,0,0,0,0,0,0,0,0,0,163,255,76,0,255,238,238,237,235,234,231,255,0,112,255,136,0,0,0,0,0,0,0,0,0,0,0,0,174,255,46,0,255,237,239,237,235,235,223,255,27,40,255,141,0,0,0,0,0,0,0,0,0,0,0,0,174,255,0,18,255,237,239,237,235,234,224,255,124,0,255,158,0,0,0,0,0,0,0,0,0,0,0,0,166,255,0,63,255,229,238,236,235,235,228,255,192,0,250,172,0,0,0,0,0,0,0,0,0,0,0,0,156,254,0,102,255,227,238,236,235,236,232,252,245,0,255,195,0,0,0,0,0,0,0,0,0,0,0,0,162,255,0,138,255,228,238,236,234,235,233,246,247,21,255,214,0,0,0,0,0,0,0,0,0,0,0,0,168,246,0,173,255,230,237,236,235,235,236,237,255,22,0,202,144,0,0,0,0,0,0,0,0,0,0,15,203,3,0,233,247,231,236,236,236,236,237,225,255,35,0,215,121,0,0,0,0,0,0,0,0,0,0,35,160,0,0,255,245,233,237,236,236,236,236,231,255,94,0,109,0,0,0,0,0,0,0,0,0,0,0,0,0,0,0,255,241,235,236,235,235,236,237,232,249,143,0,0,0,0,0,0,0,0,0,0,0,0,0,0,0,0,12,240,239,236,235,233,233,238,239,227,246,186,0,0,0,0,0,0,0,0,0,0,0,0,0,0,5,0,45,251,237,238,236,235,233,239,241,230,243,219,0,0,0,0,0,0,0,0,0,0,0,0,0,0,4,0,65,255,237,241,238,235,233,241,243,234,240,236,0,0,1,0,0,0,0,0,0,0,0,0,0,0,5,0,121,255,234,238,232,228,229,234,237,234,233,221,0,0,3,0,0,0,0,0,0,0,0,0,0,0,4,0,29,255,248,253,255,255,255,255,255,252,247,255,17,0,4,0,0,0,0,0,0,0,0,0,0,0,0,0,0,0,50,96,120,134,155,159,151,126,101,20,0,0,1,0,0,0,0,0
0,0,0,0,0,0,0,0,0,38,155,0,0,0,0,0,0,108,94,0,0,0,0,0,0,0,0,0,0,0,0,0,0,0,0,0,40,187,162,134,13,0,0,38,151,173,200,94,0,0,0,0,0,0,0,0,0,0,0,0,0,0,0,0,83,199,170,221,124,127,128,155,180,188,205,137,0,0,0,0,0,0,0,0,0,0,0,0,0,0,0,0,4,205,214,191,117,138,166,149,101,196,221,101,0,0,0,0,0,0,0,0,0,0,0,0,0,0,0,0,0,209,191,189,134,210,202,157,163,213,234,40,0,0,0,0,0,0,0,0,0,0,0,0,0,0,0,0,0,177,157,155,167,177,174,173,176,164,187,19,0,0,0,0,0,0,0,0,0,0,0,0,0,0,0,0,22,144,159,212,194,171,146,188,189,157,189,167,0,0,0,0,0,0,0,0,0,0,0,0,0,0,0,4,230,191,148,120,207,181,105,176,210,130,187,238,56,0,0,0,0,0,0,0,0,0,0,0,0,0,0,15,206,182,152,176,202,196,171,205,199,171,194,199,78,0,0,0,0,0,0,0,0,0,0,0,0,0,0,6,184,187,194,194,116,142,225,148,106,206,195,205,81,0,0,0,0,0,0,0,0,0,0,0,0,0,0,1,169,141,191,218,123,188,207,171,137,216,187,236,81,0,0,0,0,0,0,0,0,0,0,0,0,0,0,4,209,173,207,169,149,189,177,177,170,196,148,214,98,0,0,0,0,0,0,0,0,0,0,0,0,0,0,0,238,169,174,188,192,171,152,200,181,169,176,232,70,0,0,0,0,0,0,0,0,0,0,0,0,0,0,0,238,202,162,119,209,196,99,174,220,130,184,196,29,0,0,0,0,0,0,0,0,0,0,0,0,0,0,0,184,189,171,135,216,171,120,188,191,149,213,199,37,0,0,0,0,0,0,0,0,0,0,0,0,0,0,0,155,191,202,188,194,196,164,210,196,189,133,236,27,0,0,0,0,0,0,0,0,0,0,0,0,0,0,0,185,184,194,207,110,146,221,146,112,216,151,232,20,0,0,0,0,0,0,0,0,0,0,0,0,0,0,8,230,182,178,206,137,189,210,160,163,189,191,232,38,0,0,0,0,0,0,0,0,0,0,0,0,0,0,4,242,180,146,199,171,182,182,169,171,185,181,224,77,0,0,0,0,0,0,0,0,0,0,0,0,0,0,8,227,195,134,162,205,171,162,205,182,146,148,196,123,0,0,0,0,0,0,0,0,0,0,0,0,0,0,37,242,181,180,120,213,200,103,176,214,131,177,185,135,0,0,0,0,0,0,0,0,0,0,0,0,0,0,85,223,152,218,187,192,191,176,203,203,181,200,210,155,0,0,0,0,0,0,0,0,0,0,0,0,0,0,92,224,181,196,217,135,116,221,169,113,195,221,199,112,0,0,0,0,0,0,0,0,0,0,0,0,0,0,81,225,160,205,194,156,188,213,173,160,199,195,188,139,0,0,0,0,0,0,0,0,0,0,0,0,0,0,90,214,174,174,196,194,176,181,182,171,184,202,203,167,0,0,0,0,0,0,0,0,0,0,0,0,0,0,76,196,210,169,121,203,185,123,174,205,144,128,200,167,0,0,0,0,0,0,0,0,0,0,0,0,0,0,148,245,196,224,157,223,217,138,157,242,180,176,255,207,0,0,0,0,0,0,0,0,0,0,0,0,0,0,15,16,6,0,66,123,51,30,110,73,12,0,11,15,0,0,0,0,0,0,0
